tree,benchmark,run,arm,seed,result_dir,tag,checkpoint_step,units,episodes,successes,success_rate,se
starVLA,decoder-latent-plus-gpuids,ervla_pi_decoder_latent_v_mid8_18,other,42,decoder-latent-plus-gpuids,,,4,4000,3001,0.75025000,0.00684425
starVLA,libero-plus,libero_plus_qwen08b_gr00t_cot_trace_ours_v3_cotw01,CoT-trace,1234,libero-plus,,,4,4000,3323,0.83075000,0.00592884
starVLA,libero-plus,libero_plus_qwen08b_gr00t_cot_trace_det_v3_cotw01,CoT-trace,1234,libero-plus,,,4,4000,3249,0.81225000,0.00617454
starVLA,libero-plus,ervla_zonly_gr00t_sharedz_ground_temporal_v5_s42,shared-z/zonly,42,libero-plus,,,4,4000,3147,0.78675000,0.00647639
starVLA,libero-plus,ervla_zonly_gr00t_sharedz_ground_temporal_v5_s43,shared-z/zonly,43,libero-plus,,,4,4000,3131,0.78275000,0.00652021
starVLA,libero-plus,ervla_zonly_pi_sharedz_ground_temporal_v5_s43,shared-z/zonly,43,libero-plus,,,4,4000,3131,0.78275000,0.00652021
starVLA,libero-plus,ervla_gr00t_sharedz_v5_memdrop100_b64_s43,shared-z/zonly,43,libero-plus,,,4,4000,3126,0.78150000,0.00653372
starVLA,libero-plus,ervla_zonly_pi_sharedz_ground_temporal,shared-z/zonly,42,libero-plus,,,4,4149,3221,0.77633165,0.00646925
starVLA,libero-plus,libero_plus_qwen08b_gr00t_deeps,GR00T/other-backbone,42,libero-plus,,,4,4000,3087,0.77175000,0.00663611
starVLA,libero-plus,ervla_zonly_pi_sharedz_ground_temporal_aug_s43,shared-z/zonly,43,libero-plus,,,4,4000,3075,0.76875000,0.00666659
starVLA,libero-plus,ervla_gr00t_sharedz_v5_memdrop015_b64_s42,shared-z/zonly,42,libero-plus,,,4,4000,3074,0.76850000,0.00666910
starVLA,libero-plus,ervla_u_pi_layerwise_decoder_cot_rand,CoT-trace,42,libero-plus,,,4,4000,3072,0.76800000,0.00667413
starVLA,libero-plus,ervla_gr00t_sharedz_v5_memdrop015_b64_s43,shared-z/zonly,43,libero-plus,,,4,4000,3069,0.76725000,0.00668164
starVLA,libero-plus,ervla_gr00t_sharedz_v5_zmem4_memdrop100_b64_s42,shared-z/zonly,42,libero-plus,,,4,4000,3060,0.76500000,0.00670401
starVLA,libero-plus,ervla_zonly_pi_sharedz_ground_temporal_v5_s42,shared-z/zonly,42,libero-plus,,,4,4000,3059,0.76475000,0.00670648
starVLA,libero-plus,ervla_v5_piv4_actiononly_s42,other,42,libero-plus,,,4,4000,3045,0.76125000,0.00674071
starVLA,libero-plus,ervla_z2_pi_w32_tied_dynamics,other,42,libero-plus,,,4,4000,3042,0.76050000,0.00674796
starVLA,libero-plus,ervla_gr00t_sharedz_v5_zmem4_memdrop015_b64_s42,shared-z/zonly,42,libero-plus,,,4,4000,3039,0.75975000,0.00675518
starVLA,libero-plus,ervla_gr00t_sharedz_v5_zmem4_memdrop100_b64_s43,shared-z/zonly,43,libero-plus,,,4,4000,3038,0.75950000,0.00675758
starVLA,libero-plus,ervla_v_pi_decoder_staged_cot,CoT-trace,42,libero-plus,,,4,4000,3035,0.75875000,0.00676477
starVLA,libero-plus,ervla_zonly_pi_sharedz_ground_temporal_aug_s42,shared-z/zonly,42,libero-plus,,,4,4000,3031,0.75775000,0.00677431
starVLA,libero-plus,ervla_gr00t_sharedz_v5_zmem4_memdrop015_b64_s43,shared-z/zonly,43,libero-plus,,,4,4000,3027,0.75675000,0.00678379
starVLA,libero-plus,ervla_zshuf_pi_sharedz_ground_temporal,shared-z/zonly,42,libero-plus,,,4,4000,3025,0.75625000,0.00678852
starVLA,libero-plus,ervla_gr00t_sharedz_v5_memdrop100_b64_s42,shared-z/zonly,42,libero-plus,,,4,4000,3024,0.75600000,0.00679088
starVLA,libero-plus,ervla_v5_gr00t_actiononly_s42,GR00T/other-backbone,42,libero-plus,,,4,4000,3014,0.75350000,0.00681428
starVLA,libero-plus,ervla_v5_piv4_actiononly_s43,other,43,libero-plus,,,4,4000,3008,0.75200000,0.00682818
starVLA,libero-plus,ervla_znodrop_pi_sharedz_ground_temporal,shared-z/zonly,42,libero-plus,,,4,4000,2995,0.74875000,0.00685790
starVLA,libero-plus,ervla_v5_pi_actiononly_pifix_aug_s42,encoder,42,libero-plus,,,4,4000,2992,0.74800000,0.00686469
starVLA,libero-plus,ervla_v5_gr00t_traceloop_1pass_noz_all_s43,CoT-trace,43,libero-plus,,,4,4000,2986,0.74650000,0.00687819
starVLA,libero-plus,ervla_v5_gr00t_traceloop_2pass_noz_pred_all_s42,CoT-trace,42,libero-plus,,,4,4000,2979,0.74475000,0.00689379
starVLA,libero-plus,ervla_z3_pi_w32_anchor_tied_dynamics,other,42,libero-plus,,,4,4000,2974,0.74350000,0.00690485
starVLA,libero-plus,ervla_v5_gr00t_actiononly_s43,GR00T/other-backbone,43,libero-plus,,,4,4000,2956,0.73900000,0.00694404
starVLA,libero-plus,ervla_v5_gr00t_traceloop_1pass_noz_all_s42,CoT-trace,42,libero-plus,,,4,4000,2944,0.73600000,0.00696965
starVLA,libero-plus,ervla_v5_pi_actiononly_pifix_s43,encoder,43,libero-plus,,,4,4000,2935,0.73375000,0.00698858
starVLA,libero-plus,libero_gr00t_arm_plain_ft,GR00T/other-backbone,42,libero-plus,,,4,4000,2933,0.73325000,0.00699275
starVLA,libero-plus,ervla_v5_gr00t_traceloop_2pass_noz_null_all_s43,CoT-trace,43,libero-plus,,,4,4000,2916,0.72900000,0.00702778
starVLA,libero-plus,ervla_v5_pi_actiononly_pifix_s42,encoder,42,libero-plus,,,4,4000,2915,0.72875000,0.00702982
starVLA,libero-plus,ervla_v5_gr00t_traceloop_2pass_noz_pred_all_s43,CoT-trace,43,libero-plus,,,4,4000,2901,0.72525000,0.00705802
starVLA,libero-plus,ervla_pi_causal_actiononly_pifix_nolatent_nodrop_2gpu_s42,causal,42,libero-plus,,,4,4000,2900,0.72500000,0.00706001
starVLA,libero-plus,ervla_v5aux_pi_actiononly_pifix_s43,other,43,libero-plus,,,4,4000,2888,0.72200000,0.00708371
starVLA,libero-plus,ervla_pi_bidir_actiononly_pifix_nolatent_nodrop_2gpu_s43,encoder,43,libero-plus,,,4,4000,2886,0.72150000,0.00708763
starVLA,libero-plus,ervla_v5_gr00t_traceloop_2pass_noz_null_all_s42,CoT-trace,42,libero-plus,,,4,4000,2885,0.72125000,0.00708958
starVLA,libero-plus,ervla_pi_bidir_actiononly_pifix_nolatent_nodrop_2gpu_s44,encoder,44,libero-plus,,,4,4000,2884,0.72100000,0.00709153
starVLA,libero-plus,ervla_v5aux_pi_actiononly_pifix_s42,other,42,libero-plus,,,4,4000,2883,0.72075000,0.00709347
starVLA,libero-plus,ervla_pi_bidir_actiononly_pifix_nolatent_nodrop_2gpu_s42,encoder,42,libero-plus,,,4,4000,2881,0.72025000,0.00709736
starVLA,libero-plus,ervla_v5_pi_actiononly_pifix_aug_s43,encoder,43,libero-plus,,,4,4000,2881,0.72025000,0.00709736
starVLA,libero-plus,ervla_pi_causal_actiononly_pifix_nolatent_nodrop_2gpu_s43,causal,43,libero-plus,,,4,4000,2860,0.71500000,0.00713749
starVLA,libero-plus,ervla_pi_causal_actiononly_pifix_nolatent_nodrop_2gpu_s44,causal,44,libero-plus,,,4,4000,2839,0.70975000,0.00717644
starVLA,libero-plus,ervla_causal_gr00t_fullmem_noz_b64_s42,causal,42,libero-plus,,,4,4000,2648,0.66200000,0.00747924
starVLA,libero-plus,libero_plus_q35enc_deeps_s42,other,42,libero-plus,,,4,4000,2591,0.64775000,0.00755265
starVLA,libero-plus,libero_plus_q35enc_deeps_aug_s42,other,42,libero-plus,,,4,4000,2483,0.62075000,0.00767169
starVLA,libero-plus,ervla_causal_gr00t_fullmem_noz_b64_s43,causal,43,libero-plus,,,4,4000,2415,0.60375000,0.00773363
starVLA,libero-plus,ervla_v5_pi_actiononly_pifix_vlmlr1e6_s42,encoder,42,libero-plus,,,4,4000,2328,0.58200000,0.00779865
starVLA,libero-plus,ervla_causal_gr00t_sharedz_zmem4_memdrop100_b64_s42,shared-z/zonly,42,libero-plus,,,4,4000,2291,0.57275000,0.00782156
starVLA,libero-plus,ervla_causal_gr00t_sharedz_zmem4_memdrop100_b64_s43,shared-z/zonly,43,libero-plus,,,4,4000,2278,0.56950000,0.00782895
starVLA,libero-plus,ervla_v5_pi_actiononly_pifix_vlmlr1e6_s4,encoder,4,libero-plus,,,4,4000,2188,0.54700000,0.00787069
starVLA,libero-plus-4k-exact-correctedpi-k32-v1,ervla_k2_pi_cam3d_cot05_pifix_latent32,CoT-trace,42,libero-plus-4k-exact-correctedpi-k32-v1,,,4,4000,2859,0.71475000,0.00713937
starVLA,libero-plus-4k-exact-correctedpi-r2,ervla_w2_pi_encoder_actiononly_pifix_nolatent,encoder,42,libero-plus-4k-exact-correctedpi-r2,,,4,4000,2988,0.74700000,0.00687370
starVLA,libero-plus-4k-exact-correctedpi-r2,ervla_w2_pi_encoder_actiononly_pifix_latent32,encoder,42,libero-plus-4k-exact-correctedpi-r2,,,4,4000,2980,0.74500000,0.00689157
starVLA,libero-plus-4k-exact-correctedpi-r2,ervla_k2_pi_cam3d_cot05_pifix_nolatent,CoT-trace,42,libero-plus-4k-exact-correctedpi-r2,,,4,4000,2944,0.73600000,0.00696965
starVLA,libero-plus-4k-exact-mlm-fast-v1,ervla_mlm_pi_encoder_control,encoder/mlm,42,libero-plus-4k-exact-mlm-fast-v1,,,4,4000,3021,0.75525000,0.00679793
starVLA,libero-plus-4k-exact-mlm-fast-v1,ervla_mlm_pi_encoder_cam3d,encoder/mlm,42,libero-plus-4k-exact-mlm-fast-v1,,,4,4000,2957,0.73925000,0.00694189
starVLA,libero-plus-4k-exact-mlm-fast-v1,ervla_mlm_pi_encoder_cam3d_rand,encoder/mlm,42,libero-plus-4k-exact-mlm-fast-v1,,,4,4000,2849,0.71225000,0.00715804
starVLA,libero-plus-4k-exact-mlm-fast-v1,ervla_mlm_pi_encoder_cam3d_slotdrop15_nolabeldrop_noditdrop,encoder/mlm,42,libero-plus-4k-exact-mlm-fast-v1,,,4,4000,2806,0.70150000,0.00723529
starVLA,libero-plus-4k-exact-numeric-w4-restart-v3,ervla_pi_projected_numeric_noaux,other,42,libero-plus-4k-exact-numeric-w4-restart-v3,,,4,4000,2977,0.74425000,0.00689822
starVLA,libero-plus-4k-exact-numeric-w4-restart-v3,ervla_pi_projected_numeric_correct,other,42,libero-plus-4k-exact-numeric-w4-restart-v3,,,4,4000,2770,0.69250000,0.00729630
starVLA,libero-plus-4k-exact-numeric-w4-restart-v3,ervla_pi_projected_numeric_shuffled,other,42,libero-plus-4k-exact-numeric-w4-restart-v3,,,4,4000,2744,0.68600000,0.00733832
starVLA,libero-plus-4k-exact-rawcot32-v1,ervla_u_pi_layerwise_decoder_cot,CoT-trace,42,libero-plus-4k-exact-rawcot32-v1,,,4,4000,3039,0.75975000,0.00675518
starVLA,libero-plus-4k-exact-rawcot32-v1,ervla_k2_pi_cam3d_cot05_pifix_latent32,CoT-trace,42,libero-plus-4k-exact-rawcot32-v1,,,4,4000,2897,0.72425000,0.00706597
starVLA,libero-plus-4k-exact-sharedz-v1,ervla_zsup_pi_sharedz_ground_temporal,shared-z/zsup,42,libero-plus-4k-exact-sharedz-v1,,,4,4000,3125,0.78125000,0.00653641
starVLA,libero-plus-4k-exact-sharedz-v1,ervla_zbase_pi_sharedz_control,encoder/shared-z-off-control,42,libero-plus-4k-exact-sharedz-v1,,,4,4000,2862,0.71550000,0.00713372
starVLA,libero-plus-4k-exact-sharedz-v1-w4,ervla_zsupdec_pi_sharedz_ground_temporal,shared-z/zsup,42,libero-plus-4k-exact-sharedz-v1-w4,,,4,4000,3050,0.76250000,0.00672855
starVLA,libero-plus-4k-exact-sharedz-v2-w4,ervla_zonly_pi_sharedz_ground_temporal,shared-z/zonly,42,libero-plus-4k-exact-sharedz-v2-w4,,,4,4000,3064,0.76600000,0.00669410
starVLA,libero-plus-4k-exact-v1,ervla_k_pi_cam3d_cot05_masked,CoT-trace,42,libero-plus-4k-exact-v1,,,4,4000,3074,0.76850000,0.00666910
starVLA,libero-plus-4k-exact-v1,ervla_w_pi_encoder_actiononly,encoder,42,libero-plus-4k-exact-v1,,,4,4000,3057,0.76425000,0.00671141
starVLA,libero-plus-4k-exact-v1,ervla_u_pi_layerwise_decoder_cot,CoT-trace,42,libero-plus-4k-exact-v1,,,4,4000,3039,0.75975000,0.00675518
starVLA,libero-plus-4k-exact-v1,ervla_k_pi_cam3d_cot05_masked_seed43,CoT-trace,43,libero-plus-4k-exact-v1,,,4,4000,2967,0.74175000,0.00692020
starVLA,libero-plus-4k-exact-v1,ervla_b_bidir,encoder,42,libero-plus-4k-exact-v1,,,4,4000,2872,0.71800000,0.00711470
starVLA,libero-plus-4k-exact-v1,ervla_i_dec_choice_cam3d,other,42,libero-plus-4k-exact-v1,,,4,4000,2842,0.71050000,0.00717094
starVLA,libero-plus-4k-exact-v1,ervla_p_causal_pi_masked,causal,42,libero-plus-4k-exact-v1,,,4,4000,2832,0.70800000,0.00718916
starVLA,libero-plus-4k-exact-v1,ervla_h_enc_choice_cam3d,other,42,libero-plus-4k-exact-v1,,,4,4000,2821,0.70525000,0.00720889
starVLA,libero-plus-4k-exact-v1,ervla_d_cam3d_rand_8gpu,other,42,libero-plus-4k-exact-v1,,,4,4000,2818,0.70450000,0.00721422
starVLA,libero-plus-4k-exact-v1,ervla_g_cross_only,other,42,libero-plus-4k-exact-v1,,,4,4000,2798,0.69950000,0.00724913
starVLA,libero-plus-4k-exact-v1,ervla_g_cam3d_cot05,CoT-trace,42,libero-plus-4k-exact-v1,,,4,4000,2793,0.69825000,0.00725770
starVLA,libero-plus-4k-exact-v1,ervla_a_causal,causal,42,libero-plus-4k-exact-v1,,,4,4000,2781,0.69525000,0.00727801
starVLA,libero-plus-4k-exact-v1,ervla_d_cam3d_8gpu,other,42,libero-plus-4k-exact-v1,,,4,4000,2736,0.68400000,0.00735092
starVLA,libero-plus-4k-exact-v1,ervla_j_dec_choice_staged_cam3d,other,42,libero-plus-4k-exact-v1,,,4,4000,2728,0.68200000,0.00736336
starVLA,libero-plus-promptonly-exact4k-v1,libero_plus_qwen08b_gr00t_cot_trace_ours_v3_cotw01_promptonly_eval,CoT-trace,1234,libero-plus-promptonly-exact4k-v1,,,4,4000,3284,0.82100000,0.00606133
starVLA,libero-plus-step10000-exact4k-v1,ervla_gr00t_sharedz_v5_memdrop100_b64_s43,shared-z/zonly,43,libero-plus-step10000-exact4k-v1,,10000,4,4000,2797,0.69925000,0.00725085
starVLA,libero-plus-step10000-exact4k-v1,ervla_gr00t_sharedz_v5_memdrop100_b64_s42,shared-z/zonly,42,libero-plus-step10000-exact4k-v1,,10000,4,4000,2776,0.69400000,0.00728636
starVLA,mlm-numeric-paired-v1,ervla_mlm_pi_encoder_cam3d_slotdrop15_nolabeldrop_noditdrop,encoder/mlm,42,mlm-numeric-paired-v1/plus/numeric,,,4,4000,2795,0.69875000,0.00725428
starVLA,mlm-numeric-paired-v1,ervla_mlm_pi_encoder_cam3d_slotdrop15_nolabeldrop_noditdrop,encoder/mlm,42,mlm-numeric-paired-v1/plus/baseline,,,4,4000,2777,0.69425000,0.00728469
